{"cameraMode":{"drawMode":0,"name":"Shaded","section":"Shading Mode"},"sceneLighting":true,"audioPlay":false,"sceneViewState":{"showFog":true,"showMaterialUpdate":false,"showSkybox":true,"showFlares":true,"showImageEffects":true,"showParticleSystems":true},"in2DMode":false,"pivot":{"x":-0.28955078125,"y":9.908203125,"z":1.7353515625},"rotation":{"x":0.10473357886075974,"y":0.03728486970067024,"z":-0.003929424099624157,"w":0.9937938451766968},"size":12.812617301940918,"orthographic":true}