{"cameraMode":{"drawMode":0,"name":"Shaded","section":"Shading Mode"},"sceneLighting":true,"audioPlay":false,"sceneViewState":{"showFog":true,"showMaterialUpdate":false,"showSkybox":true,"showFlares":true,"showImageEffects":true,"showParticleSystems":true},"in2DMode":false,"pivot":{"x":1.443603515625,"y":8.0023193359375,"z":-1.158203125},"rotation":{"x":0.052126288414001468,"y":0.11508496850728989,"z":-0.006047249771654606,"w":0.9919700622558594},"size":7.497087478637695,"orthographic":true}