{"cameraMode":{"drawMode":0,"name":"Shaded","section":"Shading Mode"},"sceneLighting":true,"audioPlay":false,"sceneViewState":{"showFog":true,"showMaterialUpdate":false,"showSkybox":true,"showFlares":true,"showImageEffects":true,"showParticleSystems":true},"in2DMode":false,"pivot":{"x":-3.28662109375,"y":4.552490234375,"z":-6.1865234375},"rotation":{"x":0.09621305763721466,"y":0.22783008217811585,"z":-0.022629158571362497,"w":0.9686717391014099},"size":3.170255661010742,"orthographic":true}